"BROKEN","EPIC","FAILED","FEATURE","PASSED","SKIPPED","STORY","UNKNOWN"
"0","","0","Booking","1","0","RULE-booking-post-open-no-auth: a well-formed booking is created and echoed back","0"
"0","","0","Booking","1","0","Partial-update response has exactly the documented Booking shape","0"
"0","","0","Booking","1","0","Creation response has exactly the documented shape","0"
"0","","0","Ping","1","0","Ping body is a literal string, not a JSON structure","0"
"0","","0","Auth","1","0","Missing password field is rejected","0"
"0","","0","Booking","1","0","RULE-booking-post-open-no-auth: creation succeeds with zero auth headers","0"
"0","","0","Booking","1","0","RULE-auth-dual-mechanism: Basic-auth bypass path also rejects bad credentials","0"
"0","","0","Booking","1","0","Partial body on PUT is rejected with 400 and leaves the booking unchanged","0"
"0","","0","Booking","1","0","Deleting a booking that no longer exists returns 405","0"
"0","","0","Booking","1","0","Update response has exactly the documented Booking shape","0"
"0","","0","Booking","1","0","RULE-booking-write-requires-token: delete blocked with no auth at all","0"
"0","","0","Booking","1","0","RULE-booking-write-requires-token: PATCH enforces the same auth requirement as PUT","0"
"0","","0","Booking","1","0","Response shape matches the documented Booking schema exactly","0"
"0","","0","Booking","1","0","RULE-booking-write-requires-token: write blocked with no auth at all","0"
"0","","0","Auth","1","0","Success response has exactly the documented token shape","0"
"0","","0","Booking","1","0","A booking id that does not exist returns 404","0"
"0","","0","Booking","1","0","A filter matching nothing degrades gracefully instead of erroring","0"
"0","","0","Booking","1","0","RULE-data-shared-instance: filtering finds the test's own booking by id","0"
"0","","0","Booking","1","0","RULE-booking-delete-status-201: successful delete returns the API's non-standard 201","0"
"0","","0","Auth","1","0","Valid documented credentials exchange for a token","0"
"0","","0","Booking","1","0","RULE-booking-write-requires-token: partial update changes only the sent fields","0"
"0","","0","Booking","1","0","Unfiltered list endpoint responds correctly","0"
"0","","0","Booking","1","0","RULE-booking-write-requires-token: malformed token rejected the same as missing","0"
"0","","0","Booking","1","0","RULE-booking-write-requires-token + RULE-booking-put-full-replace: full replace succeeds with a valid Cookie token","0"
"0","","0","Ping","1","0","RULE-ping-health-check: GET /ping returns 201 Created with body 'Created'","0"
"0","","0","Booking","1","0","A booking created by the test can be read back exactly","0"
"0","","0","Auth","1","0","Wrong credentials do not mint a token","0"
"0","","0","Booking","1","0","RULE-booking-write-requires-token: malformed token rejected on PATCH too","0"
"0","","0","Booking","1","0","RULE-booking-write-requires-token: malformed token rejected on delete too","0"
